{"money":31.665618896484376,"moneySpent":25368.33203125,"showTutorial1":false,"showTutorial2":false,"upgradesBought":[0,0,0,0,0,0,0,4,8,7,0],"levelsUnlocked":10,"bestTimes":[29.140541076660158,158.0135040283203,216.47964477539063,160.88314819335938,163.07217407226563,129.53456115722657,298.64068603515627,168.62486267089845,1143.8797607421875,407.7620544433594,0.0,0.0,0.0,0.0,0.0,0.0,0.0,0.0,0.0,0.0]}