{"money":7707.080078125,"moneySpent":9092.919921875,"showTutorial1":false,"showTutorial2":false,"upgradesBought":[0,0,0,0,0,0,0,0,0,0,0],"levelsUnlocked":9,"bestTimes":[46.735511779785159,179.97413635253907,216.47964477539063,160.88314819335938,163.07217407226563,129.53456115722657,298.64068603515627,168.62486267089845,1143.8797607421875,0.0,0.0,0.0,0.0,0.0,0.0,0.0,0.0,0.0,0.0,0.0]}